id,title,description,estilo,address,horario,phone,fax,datacion,uso,pois,datos,price,visita,image,top,foursquare,lastUpdated,geometry
"http://www.zaragoza.es/api/recurso/turismo/monumento/2","Museo del Foro de Caesaraugusta","El Foro es el centro neurálgico de la vida en una ciudad romana: es el principal lugar de reunión donde se desarrolla la vida político-administrativa, económica y religiosa. El recinto forense se organiza a partir de un gran espacio abierto, rodeado de uno o varios pórticos circundantes, en torno al cual se distribuyen los edificios más significativos: la Curia, dedicada a usos políticos y administrativos; la Basílica, donde se resuelven asuntos jurídicos; y el Templo principal de la ciudad. Junto a ellos están las tabernas, locales dedicados a usos comerciales, y seguramente habría otros edificios relacionados con la administración (archivos, acuñación de moneda, etc.). Este conjunto monumental se completa con diversos elementos ornamentales (aras para sacrificios, estatuas honoríficas, arcos de triunfo, etc.) de los que en el caso de Caesaraugusta conocemos algunos a través de su representación en las monedas de la ciudad.","romano","Plaza de la Seo, 2","HORARIO SEMANA SANTA 2017:13,14 y 16 abril de 10 a 14.30h.  15 abril de 10a 14h y de 17 a 21h

Martes a sábado de 10 a 14h y 17 a 21h
Domingos 10 a 14.30h 
Lunes cerrado

Media hora antes del cierre se interrumpe la entrada.
Entrada incluida en la Zaragoza Card","976 72 12 21  - Reservas 976 72 60 75","","Siglo I a.C. - Siglo I d.C.","","Mercado de Augusto, Foro de Tiberio","Aforo: 60 personas

GRATUITO: primer domingo de cada mes y los días 29 enero San Valero, 23 abril y 12 octubre Día del Pilar","<em>Entrada</em>: 3 euros
<em>Consultar las tarifas reducidas para grupos y estudiantes</em>
<em>Gratuito</em>: Mayores de 65 años, desempleados, periodistas acreditados, monitores acompañantes y responsables de grupos de escolares, miembros del ICOM, Asociación de Críticos de Arte, niños menores de 8 años.
<em>Bono 4 museos Ruta de Caesaraugusta</em>:Foro, Termas Públicas, Puerto Fluvial Teatro 7 euros. Bono 5 museos: Arqueológicos Romanos y Pablo Gargallo:9 euros. Consultar otras tarifas.
Entrada incluida en la Zaragoza Card","<p><strong>Accesibilidad física</strong>:</p><p><img src=""/cont/paginas/sinbarreras/img/icono_silla1.jpg"" alt=""""/> Accesible</p><ul><li><strong>Aparcamiento:</strong> en Plaza del Pilar y Juzgados.</li><li><strong>Acceso</strong>:  entrada con rampa. El mostrador está adaptado</li><li><strong>Movilidad en el interior del edificio</strong>:<ul><li>Espacios amplios:  SI, entre las diferentes salas a visitar</li><li>Ascensor adaptado: SI </li><li>Aseos adaptados: SI, en planta -2</li></ul>    </li><li><strong> Aseos adaptados:</strong> SI dispone en  sótano 2</li></ul><p><strong>Accesibilidad sensorial</strong></p><ul><li>Información por medio de audiovisual subtitulado y en lengua de signos española. Maquetas táctiles para invidentes y audio guías.</li></ul><p><em>Información facilitada por la Asociación de Disminuidos Físicos de Aragón</em></p><p> Visita incluída en el Paseo Guiado Romano. Proyección de audiovisual, maquetas.</p>","http://www.zaragoza.es/azar/img/monumentos/forop.jpg","S","https://api.foursquare.com/v2/venues/4dceccd2d22deadedd5bd26a",2017-03-01T23:00:00Z,"676934.75 4613880.67"
"http://www.zaragoza.es/api/recurso/turismo/monumento/94","Centro de Historias de Zaragoza. Antiguo Convento de San Agustín","El área que ocupa el solar del antiguo convento de San Agustín, y en general el entorno de la zona, conserva de forma secuencial vestigios de todas las culturas, etapas e incluso vicisitudes históricas que se han sucedido en Zaragoza. 
En las diversas campañas arqueológicas que se han realizado en su solar y adyacentes se han encontrado testimonios de la presencia de la cultura ibérica, romana y musulmana, hasta el asentamiento definitivo del Convento de San Agustín, que termina con la desamortización y transformación en cuartel de Intendencia Militar, a mediados del siglo XIX.

No se pueden pasar por alto los acontecimientos que tuvieron lugar durante los Sitios de 1808 y 1809, pues el convento formaba parte de la línea defensiva de la ciudad y en él se situaron baterías y baluartes, objeto de encarnizados combates que arruinaron el convento. Precisamente fue en este lugar donde se abrió una de las brechas por la que las tropas francesas se introdujeron en la ciudad, forzando su rendición. 

En 1978, y como consecuencia de la denominada Operación Cuarteles, el recinto pasó a manos municipales, sucediéndose diversos proyectos, que han desembocado en el actual Centro de Historia de Zaragoza.
<a href=""/contenidos/turismo/audio/CentrodeHistoriadeZaragoza.mp3""><img title=""Escuchar Descripción"" alt=""Audio descriptivo del monumento"" src=""/cont/paginas/img/leelo.gif""/></a>","barroco","Plaza San Agustín, 2","Martes a sábado de 10 a 14h y 17 a 21h
Domingos 10 a 14.30h 
Lunes cerrado

Media hora antes del cierre se interrumpe la entrada.","976 72 18 85","","Siglo XVII, Rehabilitación: Siglo XX","Museo, Sala de Exposiciones","La iglesia y la fachada del convento de San Agustín están declaradas BIC.","<a href=""http://www.zaragoza.es/pgou/edih/sanagustinplazaconvento.pdf"" class=""pdf"">Interés Monumental (BIC)<span class=""oculto"">Documento pdf</span></a>","Entrada gratuita","<p><strong>Accesibilidad Física:</strong></p><div><img src=""/cont/paginas/sinbarreras/img/icono_acomp1.jpg"" alt=""""/> Accesible</div><ul><li><strong>Aparcamiento:</strong>Sí, en Plaza del Pilar, Juzgados y Puerta Cinegia.</li><li><strong>Acceso:</strong> Tiene dos entradas. La entrada accesible está en la C/ Asalto. Tiene una rampa de unos 30 m. de largo y puertas automáticas. El Pavimento es de baldosa adherente. Mostrador de información adaptado</li><li><strong>Movilidad en el interior del edificio</strong>:<ul><li>Espacios amplios: Sí.</li><li>Pavimentos: En el interior de mármol, en el exterior baldosas adherentes.</li>        <li>Ascensor Adaptado: Sí</li><li>Zonas de descanso; Sí, en diversas salas</li><li>Aseos Adaptados: Sí<strong></strong></li></ul></li><li><strong> Aseos Adaptados: </strong> Sí dispone. Hay en todas las plantas para ambos sexos.</li></ul><p><strong>Accesibilidad Sensorial</strong></p><ul><li>Información audiovisual</li></ul><p><em>Información facilitada por Disminuidos Físicos de Aragón</em></p>","http://www.zaragoza.es/azar/img/monumentos/jardin.jpg","","",2014-09-18T22:00:00Z,"677408.53 4613410.17"
"http://www.zaragoza.es/api/recurso/turismo/monumento/26","Casa de los Morlanes","<a>Patrimonio Cultural Aragonés. Bien Interés Cultural</a>

 La llamada Casa de los Morlanes recibe este nombre por los escultores Gil Morlanes padre e hijo; sin embargo, no se ha podido justificar a fecha de hoy que ambos estén vinculados de alguna manera a la construcción o decoración de la Casa. Es más, es improbable que el apelativo con que es conocida corresponda a la realidad porque, ni se conoce su propietario, ni los artífices de la obra; aunque sí está documentada la intervención decorativa de las ventanas en el año 1555.
De la estructura inicial sólo se conserva parte de la fachada, en ladrillo, pues según los documentos del siglo XIX, la Casa hacía tiempo que se había dividido en dos. Los balcones aparecen flanqueados por estípites y coronados con frontones rectos y curvos que alojan importantes representaciones iconográficas.
<a href=""/contenidos/turismo/audio/CasaMorlanes.mp3""><img title=""Escuchar Descripción"" alt=""Audio descriptivo del monumento"" src=""/cont/paginas/img/leelo.gif""/></a>","Renacentista","Plaza de San Carlos, 4","","976 72 18 00","","Siglo XVI","Edificio de propiedad municipal, sede de Acción Social, Servicio de Juventud, CIPAJ y Filmoteca de Zaragoza.","Fachada, Patio","<a href=""http://www.zaragoza.es/pgou/edih/sancarlosplazuela003-004.pdf"" class=""pdf"">Interés Monumental (BIC)<span class=""oculto"">Documento pdf</span></a>","","<p><strong>Accesibilidad física</strong> :</p><div><img src=""/cont/paginas/sinbarreras/img/icono_silla1.jpg"" alt=""""/>Accesible</div><ul><li><strong>Acceso</strong>: entrada adaptada</li><li><strong>Movilidad en el interior del edificio</strong>:<ul><li>Espacios amplios: SI</li><li>Ascensor adaptado: SI. Se toma en el hall del edificio para desplazarse a la sala</li><li>Aseo adaptado: NO</li></ul></li></ul><p><em>Información facilitada por Disminuidos Físicos de Aragón</em></p>","http://www.zaragoza.es/azar/img/monumentos/morlanesp.jpg","","",2014-09-18T22:00:00Z,"676999.67 4613489.75"
"http://www.zaragoza.es/api/recurso/turismo/monumento/892","Azud del Río Ebro","El azud está ubicado entre los barrios de Vadorrey y Las Fuentes, a la altura de la calle Fray Luis Urbano, y entre los puentes de la Unión y de Giménez Abad (Tercer Cinturón), lo que facilita el acceso a este nueva infraestructura tanto en vehículo privado como con transporte público o con bicicleta, ya que los parques que se ubican a ambas márgenes disponen de carril bici hasta el mismo pie del azud.

En su entorno, se encuentra el Puerto Fluvial, principal embarcadero del sistema de navegabilidad del Ebro, así como la reserva de espacio para construir, en el futuro inmediato, un edificio de servicios y un gran equipamiento deportivo, este último de uso público y gestión privada.

Construido con criterios técnicos y medioambientales del siglo XXI, el azud está diseñado de modo que cuando el caudal del río supera los 515 metros cúbicos por segundo (el doble del caudal medio anual del Ebro), las compuertas se bajan automáticamente para permitir que el agua discurra sin obstáculos y si que suba la cota de la lámina de agua, con lo que esta infraestructura no tendrá ninguna incidencia en las avenidas ordinarias, y ningún efecto en las posibles inundaciones de sótanos de las zonas contiguas, que ya se producían antes de la construcción del azud. 

Homenaje a Manuel Lorenzo Pardo

Al nuevo azud del Ebro se le ha impuesto el nombre de Manuel Lorenzo Pardo, en homenaje al ingeniero de caminos, canales y puertos que fundó a principios del siglo XX la Confederación Hidrográfica del Ebro, el primer organismo gestor de cuenca que se implantó en nuestro país y cuya sede instaló en Zaragoza, y que promovió alguna de las grandes infraestructuras de regulación del Ebro en las que está fundamentado el actual sistema de riegos y de abastecimiento.

(información de www.zaragoza.es)","entorno","entre los barrios de Vadorrey y Las Fuentes","","","","","","","","","","http://www.zaragoza.es/azar/img/monumentos/azudp.jpg","","",2014-08-31T22:00:00Z,"678492.63 4613498.5"
"http://www.zaragoza.es/api/recurso/turismo/monumento/10","Arco y casa del Deán","Constituye uno de los rincones más emblemáticos de nuestra ciudad. Su origen se sitúa en el s. XIII, cuando se planteó llevar a cabo una construcción que comunicase la catedral con la nueva casa del deán, cabeza del cabildo después del prelado. El arco actual, muy restaurado, responde a la reforma realizada en el s. XIV, siendo lo más sobresaliente de esta obra el mirador, con ventanales de tracería gótico mudéjar.","gotico, mudejar, renacentista","C/ del Deán, 5","","976 76 76 76 (Ibercaja)","","Siglos XIII al XX","","Exterior","<a class=""pdf"" href=""http://www.zaragoza.es/pgou/edih/dean05.pdf"">Interés Arquitectónico (A)<span class=""oculto"">Documento pdf</span></a>","","<p><strong>Accesibilidad física</strong>:</p><p><img src=""/cont/paginas/sinbarreras/img/icono_silla.jpg"" alt=""""/> Accesible. Recorrido peatonal</p>","http://www.zaragoza.es/azar/img/monumentos/deanp.jpg","S","https://api.foursquare.com/v2/venues/50c1b79472da324fd1d9fb6e",2014-11-19T23:00:00Z,"677043.0 4613780.57"
"http://www.zaragoza.es/api/recurso/turismo/monumento/11","Monasterio de la Resurrección de canonesas del Santo Sepulcro","<a>Patrimonio Cultural Aragonés. Bien Interés Cultural</a>

Sobre los restos de las viejas murallas romanas, se levantan estos muros de ladrillo edificados en el siglo XIV para el Convento de los Canonesas Comendadoras del Santo Sepulcro. 
Este monasterio, cuya fundación se remonta al siglo XIII, es el único ejemplo de arquitectura conventual mudéjar que ha sobrevivido en la ciudad hasta nuestros días. Por su peculiar importancia fue declarado Monumento Nacional ya en 1893.","mudejar","Don Teobaldo, s/n","Todos lunes a las 11 de la mañana, las canonesas ofrecen la posibilidad de visitar la zona medieval del monasterio para conocer mejor su historia, contemplar su arte mudéjar y acercarse a la vida de la comunidad.

Para las visita de los lunes no es necesario reservar.

El lunes de Pascua no hay visita.

<strong>El día 7 de diciembre</strong> 1 visita guiadas a las 11 

<strong>VISITA PARA GRUPOS ORGANIZADOS </strong>(máximo 25 personas) - Información y reserva de día y hora en infocanonesas@gmail.com (no es para grupos la visita de los lunes). 

Para más información consultar la página web: www.santo-sepulcro.com","976 293047","976 293047","Siglo XIV","","Claustro mudéjar","<a href=""http://www.zaragoza.es/pgou/edih/sannicolasplaza003.pdf"" class=""pdf"">Interés Monumental (BIC)<span class=""oculto"">Documento pdf</span></a>","Colaboración 2,5 euros","<p><strong>Accesibilidad física</strong>:</p><p><img src=""/cont/paginas/sinbarreras/img/icono_silla1.jpg"" alt=""""/>Accesible. Visita peatonal de exteriores</p>

El interior es practicable con silla de ruedas y disponen de hojas explicativas en varios idiomas (alemán, portugués, holandés o flamenco, inglés, italiano y francés). También disponibles en lenguaje braille","http://www.zaragoza.es/azar/img/monumentos/SEPULCROp.jpg","S","https://api.foursquare.com/v2/venues/50c1b03772da324fd1d8c983",2015-12-03T23:00:00Z,"677261.51 4613722.17"
"http://www.zaragoza.es/api/recurso/turismo/monumento/78","Auditorio - Palacio de Congresos","Es un edificio de proporciones grandiosas, construido en 1994, según diseño de Manuel Pérez Latorre. Posee un pórtico elevado sobre pilares de gran altura que alberga en su interior un amplio y moderno complejo de servicios, con capacidad para diez mil personas. Es una instalación pionera por su versatilidad para conciertos, congresos, convenciones, exposiciones, etc. 
Su mejor sala de conciertos, la Sala Mozart, está creada para ofrecer una acústica óptima, toda forrada de madera funciona como un instrumento musical más, según el modelo de Sala de la Filarmónica de Berlín.","contemporaneo","Eduardo Ibarra, s/n","","976 72 13 00","","1994","","","","","","http://www.zaragoza.es/azar/img/monumentos/AUDIp.jpg","","https://api.foursquare.com/v2/venues/4b9b602df964a520630336e3",2015-10-06T22:00:00Z,"674887.32 4611949.71"
"http://www.zaragoza.es/api/recurso/turismo/monumento/80","Casa Solans","<a>Patrimonio Cultural Aragonés. Bien Interés Cultural</a>

Villa construida por el industrial harinero don Juan Solans, junto a su fábrica ""La Nueva Harinera"" entre 1918-1921, siguiendo el proyecto del arquitecto municipal zaragozano Miguel Angel Navarro.

Tanto por su diseño como por su decoración es un buen ejemplo de arquitectura ecléctica privada, que presenta una ornamentación modernista e historicista, en la que destacan por su vistosidad los paneles de azulejos policromos de la fachada occidental, con las figuras de los signos del zodiaco.La denominada originalmente casa-hotel de Don Juan Solans, era conocida popularmente en el barrio como la ""Casa de los Azulejos"", aunque ha pasado a ser llamada Casa Solans.

En 1921 el edificio sufrió un incendio y en 1926, fallecido Juan Solans, su mujer se instaló en la casa. Posteriormente ante los desperfectos sufridos durante la Guerra Civil, encargó una nueva reforma del inmueble en febrero de 1943, que nunca llegó a realizarse.

Los azulejos y mosaicos que decoran el exterior y el interior del mismo, fueron traídos de fábricas situadas en Castellón y Valencia, encargándose la realización de las vidrieras a ""La Veneciana S.A."" de Zaragoza.

Desde 2005 hasta el 2015 fue la Oficina de Naciones Unidas de apoyo al Decenio del Agua.","contemporaneo","Avda. Cataluña, 60","Visitas solo con guía.","","","1918 - 1921","","","<a href=""http://www.zaragoza.es/pgou/edih/cataluna-solansfin.pdf"" class=""pdf"">Interés Monumental (BIC)<span class=""oculto"">Documento pdf</span></a>","<strong>Para el público en general:</strong> la reserva y venta de tickets se realizará desde cualquiera de las oficinas municipales de turismo (online no es viable ya que se requiere DNI de los participantes. Si quedan plazas libres, se venderán en la puerta del monumento el mismo día de la visita. 

* Tarifa visitas individuales edificios: 2 euros 
* Mayores de 65 y desempleados: gratis 
* C. Joven, estudiante, familia numerosa: 1,50 euros 
* Discapacitados: 1,50 euros
* Para los grupos de escolares: los viernes visita gratuita.","<li><strong>Para el público en general</strong>: sábados a partir del 1 de abril a las 11 horas y a las 12 horas. Máximo 20 participantes por visita</li> 

<li> <strong>Para grupos de escolares:</strong> viernes lectivos a las 10 horas y a las 11 horas. Máximo 25 escolares por visita. Las reservas se realizarán en visitasguiadas@zaragozaturismo.es</li>  


Accesibilidad Física:Visita de exteriores accesible","http://www.zaragoza.es/azar/img/monumentos/solansp.jpg","","",2017-09-07T22:00:00Z,"677637.22 4614531.35"
"http://www.zaragoza.es/api/recurso/turismo/monumento/82","Plaza de Toros de la Misericordia","La primera plaza de toros estable de Zaragoza se construyó en el siglo XVIII gracias a la iniciativa de Ramón Pignatelli; la denominación de Coso de la Misericordia aludía a su vinculación con la Real Casa de Misericordia, que se mantenía en parte gracias a los beneficios conseguidos con los festejos taurinos. 
Este primer coso de madera fue sustituido por otro de ladrillo y piedra en el siglo XIX.

En 1916 se hizo la reforma que le da el aspecto actual, ampliando el aforo de la plaza y dotándola de porche y deambulatorios.

Es la primera plaza de toros de España que contó con cubierta, fija sobre los tendidos y móvil sobre el ruedo. Este cierre de teflón ha permitido diversificar las funciones del coso taurino y celebrar otro tipo de eventos.
<a href=""/contenidos/turismo/audio/CosoTaurinodelaMisericordia.mp3""><img title=""Escuchar Descripción"" alt=""Audio descriptivo del monumento"" src=""/cont/paginas/img/leelo.gif""/></a>","contemporaneo","Glorieta de Aznárez, s/n","Ferias Taurinas","976 43 02 29 -  976 43 86 22","","1916","","","<a class=""pdf"" href=""http://www.zaragoza.es/pgou/edih/pignatelliramon85fin.pdf"">Interés Monumental<span class=""oculto"">Documento pdf</span></a>","","<p><strong>Accesibilidad física</strong>:</p><div><img src=""/cont/paginas/sinbarreras/img/icono_silla1.jpg"" alt=""""/>Accesible</div><ul><li><strong>Aparcamiento</strong>:SI. Dispone de 2 plazas  reservadas para personas con discapacidad</li><li><strong>Movilidad en el interior del edificio:</strong><ul><li>Espacios amplios: SI, pasillos    </li><li>Ascensor adaptado: semiadaptado</li><li>La plaza tiene 23 localidades reservadas para personas con movilidad reducida</li><li>Aseos adaptados: SI </li></ul></li></ul><p><em>Información facilitada por Disminuidos Físicos de Aragón</em></p>","http://www.zaragoza.es/azar/img/monumentos/torosp.jpg","","",2014-09-09T22:00:00Z,"675711.66 4613775.91"
"http://www.zaragoza.es/api/recurso/turismo/monumento/72","Edificio de Correos y Telégrafos","El edificio se levanta sobre el solar del antiguo Teatro Pignatelli, derribado en 1915. 
El arquitecto madrileño Antonio Rubio diseña una obra que supone un tardío intento de recuperar formas mudéjares, como se refleja en la fachada principal que se abre al Paseo.

El patio de operaciones interior mantiene también el mismo estilo de inspiración neomudéjar en su repertorio decorativo. El edificio de Telefónica, que se encuentra junto a él, se construye un año después en un estilo muy diferente; ambos muestran las variadas tendencias arquitectónicas que conviven en estos momentos.  Fue restaurado en 1981.
<a href=""/contenidos/turismo/audio/Correos.mp3""><img title=""Escuchar Descripción"" alt=""Audio descriptivo del monumento"" src=""/cont/paginas/img/leelo.gif""/></a>","contemporaneo: historicismo Neomudéjar","Paseo de la Independencia, 33","","","","1926","","Fachada e interior","<a class=""pdf"" href=""http://www.zaragoza.es/pgou/edih/independencia33.pdf"">Interés Arquitectónico (A)<span class=""oculto"">Documento pdf</span></a>","","<p><strong>Accesibilidad física:</strong></p><p><img src=""/cont/paginas/sinbarreras/img/icono_noacces1.jpg"" alt=""""/> NO accesible</p><ul><li><strong>Acceso:</strong> con dos escalones y doble puerta.</li><li><strong>Movilidad en el interior del edificio:</strong><ul><li> Rampa: con pendiente para acceder a planta -1.</li><li> Escaleras: para acceder a la primera planta. La planta baja dispone de locutorio y una rampa con pendiente y pavimento de goma</li><li> Pavimento: mármol y goma en la rampa</li>        </ul></li></ul><p><em>Información facilitada por la Asociación de Disminuidos Físicos de Aragón</em></p>","http://www.zaragoza.es/azar/img/monumentos/correosp.jpg","","",2014-09-10T22:00:00Z,"676352.46 4613204.69"
"http://www.zaragoza.es/api/recurso/turismo/monumento/3","Museo del Puerto Fluvial de Caesaraugusta","En época romana, el río Ebro era navegable desde Dertosa (Tortosa), donde existía un puerto mixto marítimo y fluvial, hasta Vareia (la actual Logroño), y a lo largo de sus orillas se desarrollaba un intenso comercio que favoreció la aparición de puertos fluviales en varias ciudades. De ellos, el de Caesaraugusta era el principal enclave redistribuidor en el centro del valle tanto de mercancías procedentes del interior (trigo, madera, hierro, pieles, lino, etc.) como de la costa (vino, salazones, cerámicas, mármoles, joyas, etc.). 
Situadas en el ángulo nordeste del foro, las instalaciones portuarias se extendían por la orilla derecha del río, aprovechando el carácter tranquilo de las aguas en esta zona. Estas instalaciones contaban con un gran edificio, probablemente destinado a funciones de almacenaje entre otras, que se abría al río por una bella fachada de arquerías. Desde esta arquería se accedía a un vestíbulo que a través de una escalinata comunicaba las instalaciones portuarias con el recinto del foro.","romano","Plaza de San Bruno, 8","HORARIO SEMANA SANTA 2017:13,14 y 16 abril de 10 a 14.30h.  15 abril de 10a 14h y de 17 a 21h

Martes a sábado de 10 a 14h y 17 a 21h
Domingos 10 a 14.30h 
Lunes cerrado

Media hora antes del cierre se interrumpe la entrada.","976 72 12 07","","Siglo I d.C. - Siglo II d.C.","","","Aforo: 40 personas

GRATUITO: primer domingo de cada mes y los días 29 enero San Valero, 23 de abril y 12 octubre Día del Pilar","<em>Entrada</em>: 3 euros
<em>Gratuito</em>: Mayores de 65 años, desempleados, periodistas acreditados, monitores acompañantes y responsables de grupos de escolares, miembros del ICOM, Asociación de Críticos de Arte, niños menores de 8 años.
<em>Consultar las tarifas reducidas para grupos y estudiantes</em>
<em>Bono 4 museos Ruta de Caesaraugusta</em>:Foro, Termas Públicas, Puerto Fluvial Teatro 7 euros. Bono 5 museos: Arqueológicos Romanos y Pablo Gargallo:9 euros. Consultar otras tarifas.
Entrada incluida en la Zaragoza Card","<p><strong>Accesibilidad física</strong>:</p><p><img alt="""" src=""/cont/paginas/sinbarreras/img/icono_acomp1.jpg""/> Accesible con acompañante</p><ul><li><strong>Aparcamiento:</strong> SI, en Plaza del Pilar y Juzgados</li><li><strong>Acceso: </strong>entrada adaptada. Mostrador de información adaptado</li><li><strong>Movilidad en el interior del edificio</strong>:<ul><li> Escaleras:  tres niveles con escaleras metálicas </li><li>Salvaescaleras: la adaptabilidad depende del modelo de silla</li><li>Diversas salas para visitar en silla de ruedas</li><li>Zonas de descanso: SI, con sillas</li><li>Aseos adaptados: SI, semiadaptado</li></ul></li></ul><p><strong>Accesibilidad sensorial</strong></p><ul><li>Maquetas en braille. Proyección de audiovisuales. Videos adaptados con subtitulos y lengua de signos española.</li></ul><p><em>Información facilitada por la Asociación de Disminuidos Físicos de Aragón</em></p><p>Visita incluída en el Paseo Guiado Romano</p>","http://www.zaragoza.es/azar/img/monumentos/puertop.jpg","S","https://api.foursquare.com/v2/venues/4ce7a35e9f776ea83b275922",2017-03-06T23:00:00Z,"677065.6 4613893.92"
"http://www.zaragoza.es/api/recurso/turismo/monumento/12","Iglesia Parroquial de Santa Maria Magdalena","<a>Patrimonio Cultural Aragonés. Bien Interés Cultural</a>

Se levantó a comienzos del siglo XIV en sustitución de un templo románico anterior. Su tipología corresponde al modelo de iglesia de nave única, con capillas entre los contrafuertes y cabecera poligonal. El templo cambia su orientación en la reforma del siglo XVIII, situándose la nueva puerta de acceso en la antigua cabecera absidial. La portada original con arquivoltas se encuentra cegada en el lado sur, en la calle Mayor. 
El exterior del ábside se decora con paños de arcos mixtilíneos entrecruzados bajo ventanas apuntadas y, sobre éstas, cruces de múltiples brazos formando rombos. La torre sigue los modelos de las turolenses de San Martín y el Salvador; su estructura responde también al modelo de alminar almohade, como en San Pablo, es decir,está formada por dos torres, una envolviendo a la otra, con la rampa de escaleras entre ambas. Los motivos ornamentales son los tradicionales en la arquitectura mudéjar aragonesa, enriquecidos en este caso con piezas de cerámica vidriada.

En el interior sobresale el conjunto escultórico del Retablo Mayor y las imágenes situadas en la nave, obra de José Ramírez de Arellano (siglo XVIII), autor de las esculturas de la Santa Capilla del Pilar. La iglesia poseyó un retablo de Damián Forment que hoy se conserva troceado en dos capillas del templo.","mudejar","Plaza de la Magdalena.","","976 39 97 45","","Primera mitad del siglo XIV. Reformas en los siglos XVII y XVIII","","Torre y ábside","<a href=""http://www.zaragoza.es/pgou/edih/magdalenapzasn.pdf"" class=""pdf"">Interés Monumental (BIC)<span class=""oculto"">Documento pdf</span></a>","","<p><strong>Accesibilidad física</strong></p><ul><li>Visita de exteriores accesible </li><li>La Plaza es peatonal</li></ul>","http://www.zaragoza.es/azar/img/monumentos/magdalenp.jpg","S","https://api.foursquare.com/v2/venues/50717c45e4b00022a1d37e0a",2015-10-06T22:00:00Z,"677164.8 4613566.53"
"http://www.zaragoza.es/api/recurso/turismo/monumento/13","Baños Judíos","<a>Patrimonio Cultural Aragonés. Bien Interés Cultural</a>

Su emplazamiento quedaba frente a la Judería y especialmente frente a la fortaleza conocida por Castillo de los Judíos, que estaba sobre el solar que actualmente ocupa el Seminario de San Carlos. Este Castillo de los Judíos servia también de cárcel, sinagoga mayor, hospital y carnicería. Lo conservado es únicamente una sala de planta ligeramente rectangular, organizada a modo de claustro, con cuatro tramos en las galerías cortas y cinco en las largas, abovedados con crucería sencilla, con diez columnas para separarlos del espacio central también rectangular y cubierto por bóveda esquifada.
Están construidos en ladrillo, salvo las columnas que son de alabrastro.
Se considera obra mudéjar, con elementos formales cistercienses y siguiendo la disposición de baños hispanomusulmanes, sobre todo taifales del siglo XI.","mudejar","Coso, 126 -132","Actualmente no se pueden visitar","","","Siglo XIII","","","<a class=""pdf"" href=""http://www.zaragoza.es/pgou/edih/coso126-132.pdf"">Interés Monumental (BIC)<span class=""oculto"">Documento pdf</span></a>","","","http://www.zaragoza.es/azar/img/monumentos/judiosp.jpg","","",2014-09-10T22:00:00Z,"677030.4 4613407.72"
"http://www.zaragoza.es/api/recurso/turismo/monumento/0","Catedral de San Salvador o la Seo","La primera catedral cristiana de Zaragoza, construida bajo la advocación de San Salvador, se levanta sobre el mismo espacio que antes había ocupado el templo romano del foro, la iglesia visigoda y la mezquita mayor musulmana. A finales del siglo XII, se inician las nuevas obras que siguen las pautas artísticas del románico tardío, con elementos que se habían desarrollado en la catedral de Jaca. 

El templo se amplía a finales del siglo XIV, de acuerdo con el nuevo espíritu del gótico. Testimonio de esta época son los ábsides superiores y el muro de la Parroquieta, obra cumbre del mudéjar zaragozano. Este muro cierra la capilla de San Miguel, construida por encargo del arzobispo Lope Fernández de Luna como capilla funeraria; en su interior guarda el sepulcro en alabastro del prelado y una espléndida techumbre de madera dorada. La parte superior del ábside central fue levantada a comienzos del siglo XV gracias al mecenazgo del Papa Luna. La Seo adquiere sus dimensiones y aspecto definitivo en el siglo XVI, bajo el arzobispado de Don Hernando de Aragón. A esta etapa corresponde el cimborrio, que constituye una valiosa muestra del arraigo de la tradición mudéjar en nuestra región; y, también, la capilla de Gabriel de Zaporta, construida entre 1569 y 1578, con retablo en alabastro de Juan de Ancheta.
Las últimas intervenciones que completan su fisonomía exterior son la torre barroca y la portada clasicista, construidas en los siglos XVII y XVIII.

En el interior destaca el Retablo Mayor, obra representativa del gótico europeo realizada en el siglo XV bajo el patrocinio del arzobispo don Dalmau de Mur. El conjunto, obra de los escultores Pere Johan y Ans Piet d'Anso, sirvió de modelo para numerosos retablos posteriores, entre los que hay que señalar el Retablo Mayor del Pilar.","mudejar, gotico, renacentista, barroco, neoclasico","Plaza de la Seo, 2","<strong>Horario de Verano (a partir del 15 de junio):</strong>
Lunes a Domingo: de 10 a 21h(20.30 última entrada)
L-D: 18h se interrumpe la entrada para la misa de 19.00
El viernes de 10-18h
Sábados: 12h se interrumpe la entrada para la misa de 13h
Domingos: 11.30h se interrumpe la entrada para la misa de 12.30
<strong>Horario de Invierno:</strong>
Lunes a viernes: de 10.00 a 14.00 y de 16.00 a 18.30 h
Sábados: de 10.00 a 12.30 y de 16.00 a 18.30 h
Domingos de 10.00 a 12.00 y de 16.00 a 18.30 h

Media hora antes del cierre concluirá la entrada de visitantes. Se suspenderán las visitas en caso de celebración extraordinaria","976 29 12 31","","Siglos XII al XVIII","","","<a class=""pdf"" href=""http://www.zaragoza.es/pgou/edih/seoplaza004catedral.pdf"">Patrimonio de la Humanidad. Interés Monumental (BIC)<span class=""oculto"">Documento pdf</span></a>","<strong>Precios</strong>
<em>Entrada conjunto Catedral y Museo de tapices</em>: 4 euros
<em>Hasta 18 años y mayores de 65 años</em>: 3 euros
<em>Niños de 0 a 10 años</em>: gratuito
Entrada incluida en la Zaragoza Card","<div><img alt=""Accesible"" src=""/cont/paginas/sinbarreras/img/icono_silla1.jpg""/> Accesible</div><h4>Aparcamiento:</h4><div>  Sí, en la Plaza del Pilar.</div><h4>Acceso al Edificio:</h4><ul><li><strong>Entrada</strong>: Principal accesible</li><li><strong>Recibidor</strong>: Entrada a cota cero.</li><li><strong>Puertas</strong>: Abatibles a ambos lados.</li></ul><h4>Movilidad en el interior:</h4><h5>Desplazamientos Horizontales</h5><ul><li><strong>Espacios amplios</strong>: Sí.</li><li><strong>Zonas de descanso</strong>: Sí.</li><li><strong>Pavimento</strong>:  Mármol. Zonas diferenciadas por texturas y colores</li></ul><h5>Desplazamientos Verticales</h5><div>  <strong>Acceso al Museo de Tapices</strong>: Puerta exterior que conecta con el ascensor hasta la 1ª, planta. Allí existe un salva escaleras, y otro ascensor elevador, para llegar a la segunda planta de exposición. (Actualmente este acceso se encuentra con obras)</div><h4>Otros:</h4><div>Materiales braille, macro-caracteres, cintas de audio, folletos, carteleria.  Folletos informativos. Se venden libros y postales. </div><p><em>Información facilitada por Disminuidos Físicos de Aragón</em></p>","http://www.zaragoza.es/azar/img/monumentos/seop.jpg","S","https://api.foursquare.com/v2/venues/4ba4bb56f964a52004b038e3",2015-10-19T22:00:00Z,"676983.07 4613874.35"
"http://www.zaragoza.es/api/recurso/turismo/monumento/166","Barrio de la Cartuja. Antiguas Escuelas","De este enorme complejo conventual, a pesar de las muchas transformaciones que ha sufrido se conservan bastantes elementos, reflejando su topografía la estructura cartujana característica. Se trata de un recinto rectangular orientado en dirección Norte-Sur, vallado por un muro con torreones y ordenado al interior de forma simétrica, en cuyo centro se sitúa la iglesia como núcleo fundamental del conjunto.
De construcción tradicional, se ha utilizado en ellos el aparejo que combina el paramento enfoscado con los refuerzos de ladrillo a cara vista en las esquinas, el llamado aparejo toledano. Sus fachadas se rematan en alero de poco vuelo ejecutado en ladrillo sobre canetes tipo modillón.","contemporaneo: regionalista","C/ Salduba , angular a c/ Escuelas 50193. Barrio de La Cartuja","","","","Siglo XX","Alcaldía de Barrio","","<a class=""pdf"" href=""http://www.zaragoza.es/pgou/edih/cartuja-baja-salduba.pdf"">Interés Arquitectónico (C)<span class=""oculto"">Documento pdf</span></a>","","","","","",2014-09-10T22:00:00Z,"681563.61 4608487.46"
"http://www.zaragoza.es/api/recurso/turismo/monumento/92","Estatua del Emperador Augusto","Caesaraugusta, como muchas otras ciudades romanas, estuvo rodeada por un cerco de murallas; además de cumplir una función defensiva, tenía un carácter monumental y era símbolo del prestigio de la colonia. Se comenzó a construir en época de Augusto, aunque se refuerza en diferentes momentos, sobre todo a finales del siglo III ante la amenaza inminente de invasiones. La muralla llegó a alcanzar un perímetro de 3.000 metros y a contar con 120 torreones en sus momentos de mayor desarrollo. El amurallamiento se mantuvo como eficaz defensa de la ciudad durante el periodo visigodo y musulmán; el propio Adb-al-Rahman III quedó sorprendido de su solidez en el s. X. Durante el reinado del monarca aragonés Alfonso I se mantuvo la preocupación por su conservación. En el siglo XIII, comenzaron a abrirse trenques y pasos para comunicar la ciudad antigua con los nuevos barrios. En el siglo XIV la muralla vuelve a cobrar importancia ante la Guerra de los dos Pedros; será a partir del siglo XV cuando se vaya desmontando y sus sillares se reutilicen en la construcción de nuevos edificios. 
La línea del antiguo recinto fortificado se mantiene aún en el trazado de las actuales calles de César Augusto, Coso y Echegaray y Caballero. Se abría por cuatro puertas situadas en los extremos de las vías principales, cardo y decumano. Desde la Edad Media fueron conocidas como Puerta del Ángel, frente al Puente de Piedra; Puerta Cinegia, a la entrada de la calle de los Mártires; Puerta de Valencia, en la plaza de la Magdalena y Puerta de Toledo, entre Predicadores y Manifestación.     

Se conservan restos de la antigua construcción bajo el Mercado Central, la avenida de César Augusto, Teatro Principal y Coso, aunque sólo son visibles en el Convento del Santo Sepulcro y junto al Torreón de la Zuda. En esta última zona se mantienen los vestigios más importantes: un lienzo de 80 m. de longitud con torreones ultrasemicirculares similares a los de las murallas de Astorga y León.     

Junto a este tramo se encuentra desde hace unos años la estatua del emperador Augusto, copia en bronce del famoso Augusto de Prima Porta, regalo del gobierno italiano a la ciudad en los años 40.      

Debido a la construcción de la Línea 1 del Tranvía, en 2012 se propuso su traslado a la c/Alfonso; sin embargo, diversas Asociaciones Vecinales del Casco Histórico reivindicaron su permanencia en su ubicación original.","romano","Avda. de César Augusto","","","","","","Torreones, murallas, estatua de César Augusto.","","","","http://www.zaragoza.es/azar/img/monumentos/cesarcolp.jpg","","",2014-09-17T22:00:00Z,"676438.88 4614043.73"
"http://www.zaragoza.es/api/recurso/turismo/monumento/93","Fuente de Neptuno o Fuente de la Princesa","Conocida como Fuente de Neptuno, fue la primera fuente urbana monumental de Zaragoza, la más céntrica y principal, situada en la entonces Plaza de S. Francisco y hoy de España; cumplió su función de abastecimiento de agua hasta 1902, cuando fue desmontada para ser sustituida por el Monumento a los Mártires. 
La primera piedra se coloca en 1833 en conmemoración del juramento como princesa heredera de la futura Isabel II.
La parte escultórica se debe a Tomás Llovet, profesor de la Escuela de Bellas Artes de Zaragoza. La figura de Neptuno, en pie con su tridente, preside el conjunto, mientras el agua mana sobre el vaso de la fuente por las bocas de cuatro delfines.

La imagen del dios de los mares se inspira en la Fuente de Neptuno del Paseo del Prado de Madrid.","contemporaneo","Parque Grande J.A. Labordeta","","","","1845","","","","","<p><strong>Accesibilidad Física</strong></p><div><img src=""/cont/paginas/sinbarreras/img/icono_silla1.jpg"" alt=""""/>Accesible</div><ul><li>Recorrido peatonal</li></ul>","http://www.zaragoza.es/azar/img/monumentos/parquefuentep.jpg","","",2014-09-07T22:00:00Z,"675252.04 4611640.27"
"http://www.zaragoza.es/api/recurso/turismo/monumento/96","Canal Imperial de Aragón","El Rey Carlos III encargó al canónigo Ramón de Pignatelli la enorme tarea de crear un gran cauce navegable que comunicase el Cantábrico con el Mediterráneo. Fue una obra de gran envergadura para la época, ya que nace en el Bocal, lugar próximo a Tudela, en Navarra y muere en El Burgo de Ebro, junto a Zaragoza, después de salvar una distancia de 150 Kilómetros.
<a href=""/contenidos/turismo/audio/CanalImperial.mp3""><img title=""Escuchar Descripción"" alt=""Audio descriptivo del monumento"" src=""/cont/paginas/img/leelo.gif""/></a>","entorno","Vía Pignatelli","","","","Finales del siglo XVIII","","","<a class=""pdf"" href=""http://www.zaragoza.es/pgou/edih/sancholezcano.pdf"">Interés Arquitectónico (B)<span class=""oculto"">Documento pdf</span></a>","","","http://www.zaragoza.es/azar/img/monumentos/canalp.jpg","","",2014-09-10T22:00:00Z,"676270.21 4611417.59"
"http://www.zaragoza.es/api/recurso/turismo/monumento/74","Antiguo Matadero Municipal","Todo el conjunto de pabellones industriales es obra de Ricardo Magdalena, que lo ideó para la Exposición Aragonesa de 1885-1886. Actualmente es sede del Centro Cultural Salvador Allende. La parte principal de la construcción es un gran patio central abierto en cuyos lados se levantan tres pabellones de planta basilical conectados por unos porches y en la fachada se localizan dos edificios simétricos. Una gran verja de hierro con cinco accesos rodea el recinto.","contemporaneo","C/ Miguel Servet, 57","","","","1880-1884","Biblioteca","","<a class=""pdf"" href=""http://www.zaragoza.es/pgou/edih/servetmiguel055-057.pdf"">Interés Monumental<span class=""oculto"">Documento pdf</span></a>","","<p><strong>Accesibilidad Física</strong></p><ul><li><strong>Aparcamiento</strong>: No</li><li>Este Monumento acoge los siguientes <strong>Servicios Municipales</strong>:<ul><li><strong> Biblioteca Ricardo Magdalena</strong>: Entrada no accesible. No hay ascensor para acceder a la segunda planta. Se puede visitar la planta calle. Tiene aseo adaptado</li><li><strong> Centro de Servicios Sociales</strong>: Entrada con rampa.</li><li><strong>Centro de Convivencia para Mayores</strong>: Espacios Amplios. No dispone de baño adaptado</li><li><strong>Centro Cultural:</strong>Entrada con rampa. No hay ascensor para acceder a la segunda planta</li></ul></li></ul><p><em>Información facilitada por Disminuidos Físicos de Aragón</em></p>","http://www.zaragoza.es/azar/img/monumentos/mataderop.jpg","","",2014-09-29T22:00:00Z,"677456.98 4612727.95"
"http://www.zaragoza.es/api/recurso/turismo/monumento/87","Monumento a la Constitución Española de 1978","Monumento a la Constitución Española de 1989, adjudicado por concurso al escultor turolense Florencio de Pedro Herrera. Consiste en 3 pirámides aguzadas que simbolizan los Poderes Legislativo, Ejecutivo y Judicial. Este esquema y formas geométricas elementales sintetizan las ideas de perfección, de plenitud y de inmortalidad, como expresión de la armonía del sistema de gobierno democrático.
<a href=""/contenidos/turismo/audio/MonumentoalaConstitucion.mp3""><img title=""Escuchar Descripción"" alt=""Audio descriptivo del monumento"" src=""/cont/paginas/img/leelo.gif""/></a>","contemporaneo","Paseo de la Constitución","","","","1989","","","","","<p><strong>Accesibilidad Física</strong></p><div><img src=""/cont/paginas/sinbarreras/img/icono_silla1.jpg"" alt=""""/>Accesible</div><ul><li>Recorrido peatonal</li></ul>","http://www.zaragoza.es/azar/img/monumentos/monuconsp.jpg","","",2014-09-04T22:00:00Z,"676225.05 4612972.49"
"http://www.zaragoza.es/api/recurso/turismo/monumento/170","Barrio de la Cartuja. Iglesia de la Cartuja Inmaculada Concepción","La iglesia fue construida entre 1703 y 1731, sufriendo algunas modificaciones ya en tiempo de los cartujos; en 1780 se renovaba su interior, encargándose de las obras el hermano cartujo fray Joaquín Gracián, antiguo maestro de obras. Fue necesaria su restauración tras la invasión napeoleónica y recientemente ha sido restaurada de manera parcial (Juan Martín Trenor 1995-1996). Tiene planta de cruz latina de una sola nave de cinco tramos, con la Capilla del Sagrario tras el muro de la cabecera, algo característico de las cartujas españolas. Se cubre el templo con bóvedas de cañón con luneto, a excepción del crucero que tiene cúpula semiesférica, decoradas con interesantes pinturas murales de temática mariológica ejecutadas por el cartujo fray Ramón Almor, decoraciones correspondientes a la reforma de 1780","barroco","Pza. de España 50193. Barrio de La Cartuja","","","","1703-1731","","","<a class=""pdf"" href=""http://www.zaragoza.es/pgou/edih/cartuja-baja-pzaespana-iglesia.pdf"">Interés Monumental (BIC)<span class=""oculto"">Documento pdf</span></a>","","","","","",2014-09-29T22:00:00Z,"676950.32 4610580.6"
"http://www.zaragoza.es/api/recurso/turismo/monumento/132","Barrio de Movera. Torre Santa Engracia","En el año 1970 era adquirida por el Excmo. Ayuntamiento de Zaragoza mediante permuta con la empresa La Montañanesa, la finca denominada ""Torre de Santa Engracia"", por ser propiedad hasta el siglo XIX del monasterio Jerónimo de Sta. Engracia de Zaragoza. Es un edificio de planta ligeramente rectangular que consta de las tres plantas (B + principal + ático) rematado en alero.
Esta edificada en ladrillo visto y zaboyado en sus fachadas (excepto la que da a la carretera que está revocada) y en ellas se reflejan las distintas fases o momentos de reforma que a lo largo del tiempo ha sufrido la casa.","barroco, neoclasico","Carretera de Movera - Pastriz , 204 50194. Barrio de Movera","","","","Siglo XVII y Siglo XIX","","","<a class=""pdf"" href=""http://www.zaragoza.es/pgou/edih/moverasantaengracia.pdf"">Interés Monumental<span class=""oculto"">Documento pdf</span></a>","","","","","",2014-09-10T22:00:00Z,"682879.46 4612601.82"
"http://www.zaragoza.es/api/recurso/turismo/monumento/15","Iglesia Parroquial de San Gil Abad","<a>Patrimonio Cultural Aragonés. Bien Interés Cultural</a>

Tras la reconquista de la ciudad, se construyó un templo románico que, mediado el siglo XIV, fue destruido para levantar sobre sus ruinas la actual iglesia mudéjar. En el exterior destaca la portada principal, construida en 1640, y, sobre todo, la torre, levantada en ladrillo como el resto de la construcción y documentada ya en 1356. Combina su planta cuadrada de los pisos inferiores con la rectangular de los superiores, abriéndose en los dos últimos cuerpos los vanos para las campanas. 
El interior corresponde a la reforma barroca llevada a cabo entre 1719 y 1725, cuando se cambió la orientación del templo para dar la nueva entrada, se rehicieron el ábside y el cuerpo de los pies, se construyó la nueva cubierta con bóvedas de cañón con lunetos y fue decorado todo el conjunto con yeserías barrocas. Destaca el retablo mayor, contratado en 1628, dedicado a San Gil Abad.

La sacristía fue construida entre 1776 y 1779, decorada la bóveda con un fresco de Ramón Bayeu y en los muros siete pinturas sobre lienzo, de fray Manuel Bayeu.","mudejar","D. Jaime I, 15","En horario de culto","976 29 68 98","","Siglo XIV. Reformas en siglo XVIII","","Torre mudéjar","<a href=""http://www.zaragoza.es/pgou/edih/jaime15local.pdf"" class=""pdf"">Interés Monumental (BIC)<span class=""oculto"">Documento pdf</span></a>","","<p><strong>Accesibilidad física</strong></p><ul><li> Visita por los alrededores accesible</li><li>Entrada al interior inaccesible</li></ul><p><em>Información facilitada por Disminuidos Físicos de Aragón</em></p>","http://www.zaragoza.es/azar/img/monumentos/GILp.jpg","S","https://api.foursquare.com/v2/venues/50c1f37ee0e265772cc3f6ed",2014-11-19T23:00:00Z,"676697.74 4613595.33"
"http://www.zaragoza.es/api/recurso/turismo/monumento/1","Murallas Romanas","<a>Patrimonio Cultural Aragonés. Bien Interés Cultural</a>

Caesaraugusta estuvo rodeada de una muralla con numerosas torres, quizá hasta 120. Sus muros tenían un considerable grosor, que alcanzaba en muchas zonas los 7 m., siendo la parte exterior de sillares de alabastro y caliza, y la interior de una argamasa extraordinariamente dura <em>(opus caementicium)</em>. Sus torres son semicirculares o ultrasemicirculares y tienen un diámetro en torno a los 8 m., alcanzando los 13 m. en una de las que flanqueaban la puerta occidental 
La muralla romana protegía un perímetro de 3 km y recorría la calle Echegaray y Caballero, todo el trazado del Coso y la avenida de César Augusto. La ciudad se abría por cuatro puertas, situadas en el extremo de sus ejes, la septentrional en la embocadura del Puente de Piedra, la oriental junto a la iglesia de la Magdalena, la meridional ligeramente al este del Teatro Principal y la occidental al final de la calle Manifestación. Estas puertas se llamaron desde la Edad Media, del Ángel la del norte, de Valencia la del este y de Toledo la del oeste. Ya en época musulmana se accedía al sur de la ciudad por la puerta Cinegia, a la entrada del popular Tubo, algo a occidente de donde estuvo el acceso romano.

Junto a este tramo se encuentra desde hace unos años la estatua del emperador Augusto, copia en bronce del famoso Augusto de Prima Porta, regalo del gobierno italiano a la ciudad en los años 40.      

La figura se sitúa ante tres altos dinteles y un arco de medio punto que evoca la primitiva Puerta de Toledo; en los frentes de alabastro están labrados los cuatro nombres de la ciudad: Salduie, Caesaraugusta, Saraqusta y Zaragoza.","Romano","Avda. de César Augusto","","","","Siglos II - III d.C.","","Torreones, murallas, estatua de César Augusto","<a href=""http://www.zaragoza.es/pgou/edih/cesaraugustosnmurallas.pdf"" class=""pdf"">Interés Monumental (BIC)<span class=""oculto"">Documento pdf</span></a>","","<p><strong>Accesibilidad física</strong>:
<img src=""/cont/paginas/sinbarreras/img/icono_silla1.jpg"" alt=""""/> recorrido peatonal, accesible</p><p><em>Información facilitada por Disminuidos Físicos de Aragón</em></p>
<p><a href=""http://www.zaragoza.es/ciudad//turismo/es/servicios/detalle_Virtual?id=murallas"">Visita Virtual</a></p>","http://www.zaragoza.es/azar/img/monumentos/murallasp.jpg","","https://api.foursquare.com/v2/venues/4d41fff256e12c0f69e976c7",2015-10-06T22:00:00Z,"676461.0 4614073.91"
"http://www.zaragoza.es/api/recurso/turismo/monumento/98","Arboleda de Macanaz","Fue un importante soto ribereño al que se accedía por la antigua pasarela que estuvo en funcionamiento hasta 1965. Los zaragozanos celebraban en ella la fiesta de la Cincomarzada y los almadieros que se dirigían a los aserraderos del Arrabal solían hacer allí una parada. La construcción del Puente de Santiago afectó de forma importante a una cuarta parte del soto y su ajardinamiento terminó con su carácter natural, del que sólo queda la línea de árboles junto al río, fuera de la valla que delimita el parque.","entorno","Paseo de la Ribera","","","","","","","","","","http://www.zaragoza.es/azar/img/monumentos/macanazp.jpg","","https://api.foursquare.com/v2/venues/4fad5317e4b0faae2d3478f1",2014-08-31T22:00:00Z,"676711.36 4614329.22"
"http://www.zaragoza.es/api/recurso/turismo/monumento/99","Soto de Cantalobos","Uno de los escasos sotos (o bosques de ribera) que se conservan en las orillas Ebro, resto de la vegetación original del río en este tramo de su curso. Destaca por su excelente conservación, a pesar de la presión agraria y urbana de su entorno. Cuenta con especies típicamente ribereñas: álamos, chopos, tamarindos, sauces, fresnos, carrizos¿, soporte de un rico ecosistema del que también forman parte numerosas especies animales como el ruiseñor bastardo, el pájaro carpintero, el pájaro moscón, el autillo o pequeños mamíferos. En él encuentran refugio y alimento numerosas especies migratorias asociadas al río como garcetas, cormoranes y martinetes","entorno","Barrio de las Fuentes (última parada del  autobús 22)","","","","","","","","","","http://www.zaragoza.es/azar/img/monumentos/lobosp.jpg","","",2014-09-29T22:00:00Z,"680047.04 4612877.95"
"http://www.zaragoza.es/api/recurso/turismo/monumento/100","Antigua Joyería Aladrén  ahora Gran Café de Zaragoza","<a>Patrimonio Cultural Aragonés: Bien Catalogado</a>

Local comercial en chaflán diseñado por el arquitecto Luis Aladrén en 1885, seguramente el más importante de los locales catalogados conservados en Zaragoza. 
El exterior se basa en una articulación de fachadas mediante la rítmica alternancia de plafones rectangulares decorados (con paneles repujados y sobredorados con grandes escaparates acristalados). También presenta una Marquesina volada de hierro y cristal con reloj de dos esferas suspendido. 
En el interior, las tres salas, con pavimentos de época, están ricamente decoradas con columnas, radiadores de fundición, techos acasetonados de madera y decoración neobarroca.","contemporaneo: historicismo","C/ Alfonso I, 25","","","","1885","Café","","<a class=""pdf"" href=""http://www.zaragoza.es/pgou/edih/alfonso25local.pdf"">Interés Arquitectónico (A y BCPCA)<span class=""oculto"">Documento pdf</span></a>","","","http://www.zaragoza.es/azar/img/monumentos/aladrenp.jpg","","",2014-09-10T22:00:00Z,"676573.86 4613804.95"
"http://www.zaragoza.es/api/recurso/turismo/monumento/102","Barrio de Garrapinillos. Iglesia de San Lorenzo","Es una obra historicista de Ricardo Magdalena Tabuenca, fechada en 1874 y hecha por encargo del Ayuntamiento de Zaragoza. Se hizo en ladrillo a cara vista, con una nave cubierta con cañón con lunetos y gruesas columnas laterales, dentro de una orientación entre romántica y neobizantina.","contemporaneo: historicismo","Pza. de San Lorenzo , 1 50190. Barrio de Garrapinillos","","","","","","","<a class=""pdf"" href=""http://www.zaragoza.es/pgou/edih/garrapinillos-sanlorenzo.pdf"">Interés Arquitectónico (A)<span class=""oculto"">Documento pdf</span></a>","","","","","",2014-09-29T22:00:00Z,"664325.51 4616761.26"
"http://www.zaragoza.es/api/recurso/turismo/monumento/107","Barrio de Monzalbarba. Torre de la Antigua Iglesia","De su parroquia antigua queda la torre mudéjar y una capilla. La primera es obra del siglo XVI, en ladrillo, compuesta de tres cuerpos cuadrados, el primero almenado, el segundo con frisos de esquinillas y rombos y el tercero con dos vanos por lado,ligeramente apuntados, cegados y decoración de rombos. Le sigue un último cuerpo octogonal, más tardío, con un vano por lado en arco de medio punto doblado, con molduras cóncavas.

En cuanto a la Iglesia parroquial nueva, obra reciente sin interés arquitectónico, conserva algunas imágenes procedentes de la antigua. Así, una Virgen del Rosario, del primer tercio del siglo XVII, de tipo romanista. Muy idealizada aún, conserva su policromía original.
Cierto interés presentan: una talla de San Blas, procesional, del último tercio del siglo XVIII, con la policromía primitiva imitando mármol, en blanco y oro; y, un San Miguel, de hacia mediados del siglo XVIII, de estilo rococó, de factura bastante popular. La talla de Nuestra Señora de la Sagrada, patrona de la iglesia, están en parte rehecha y repintada y no ofrece gran interés.","mudejar","Pza. de España , s/n 50120. Barrio de Monzalbarba","","","","1545","","","<a class=""pdf"" href=""http://www.zaragoza.es/pgou/edih/monzalbarba-espana-torreantiguaiglesia.pdf"">Interés Monumental (BIC)<span class=""oculto"">Documento pdf</span></a>","","","","","",2014-09-10T22:00:00Z,"669189.53 4619023.21"
"http://www.zaragoza.es/api/recurso/turismo/monumento/108","Barrio de Juslibol. Iglesia de Nuestra Señora de la Asunción","Dedicada a la Asunción de Nuestra Señora, la iglesia parroquial de este barrio es obra del siglo XVIII, edificada en sustitución de otra anterior dedicada a San Andrés.
Tiene planta de tipo central, ovalada, con el mayor desarrollo longitudinal a eje que se prolonga a ambos lados, en dos rectángulos que ocupan respectivamente el presbiterio y el ingreso al templo.
En el exterior, destaca la fachada muy reformada y revocada, en su origen de ladrillo visto, en la que destaca la portada en arco de medio punto flanqueada por pilastras que sostienen un entablamento bajo el que se dispone el escudo heráldico del prelado zaragozano.","neoclasico","Pza. Mayor , s/n 50191. Barrio de Juslibol","","","","Siglo XVIII","","","<a class=""pdf"" href=""http://www.zaragoza.es/pgou/edih/juslibolmayorsn.pdf"">Interés Arquitectónico (A)<span class=""oculto"">Documento pdf</span></a>","","","","","",2014-09-29T22:00:00Z,"674710.25 4618204.56"
"http://www.zaragoza.es/api/recurso/turismo/monumento/16","Torreón de la Zuda","<a>Patrimonio Cultural Aragonés. Bien Interés Cultural</a>

El Torreón de La Zuda que hoy conocemos, fruto de diversas reedificaciones, habría sido la torre del homenaje del alcázar sarakustí, edificada sobre uno de los torreones de la muralla romana. El 18 de diciembre de 1118 los musulmanes rinden la ciudad a Alfonso el Batallador, tomando posesión el rey al día siguiente de La Zuda que, según la capitulación, debía ser ocupada por las tropas cristianas. Esta toma de posesión simbolizaba la ocupación de la ciudad. A partir de este momento, será residencia de los monarcas aragoneses, hasta el siglo XIII, en el que empezarán a utilizar para este fin el Palacio de la Aljafería. La imagen actual del torreón responde a la reedificación de la segunda mitad del siglo XVI.

En la actualidad es Oficina Municipal de Turismo y se puede visitar El Mirador de las Cuatro Culturas en la 5ª planta.","mudejar","Glorieta de Pío XII, s/n","De lunes a sábado de 10 a 14 horas y de 16.30 a 20 horas
Domingo de 10 a 14 horas.","902 14 2008 ó  976 20 12 00","976 20 06 35","Siglos X al XX","Oficina Municipal de Turismo","Exterior","<a href=""http://www.zaragoza.es/pgou/edih/cesarausutotorreonzudasn.pdf"" class=""pdf"">Interés Monumental (BIC)<span class=""oculto"">Documento pdf</span></a>","","<p><strong>Accesibilidad física:</strong></p><div><img src=""/cont/paginas/sinbarreras/img/icono_silla1.jpg"" alt=""""/> Accesible</div><ul><li><strong>Acceso</strong>: tiene dos entradas. Una está adaptada, la otra es inaccesible
Bucle magnético para discapacitados auditivos
Folleto ebn braille para discapacitados visuales
</li></ul><p><em>Información facilitada por Disminuidos Físicos de Aragón</em></p><p>Incluida en el recorrido del casco histórico en el período de Informadores Turísticos</p>","http://www.zaragoza.es/azar/img/monumentos/zudap.jpg","S","https://api.foursquare.com/v2/venues/4c1cf881fcf8c9b64fe6aa0b",2015-10-06T22:00:00Z,"676488.13 4614130.43"
"http://www.zaragoza.es/api/recurso/turismo/monumento/181","Barrio de Alfocea. Iglesia Inmaculada Concepción","Es obra construída en ladrillo visto de aparejo a tizón en el exterior. Tiene una sola nave, capillas entre contrafuertes no comunicadas entre sí, crucero alineado y cabecera recta, coro alto a los pies y tribunas sobre las capillas laterales. La nave se cubre con bóveda de cañón con lunetas, las capillas con bóvedas de arista y sobre el crucero se alza la cúpula sobre pechinas.
En el exterior, destaca la portada construida en piedra de yeso blanco, que centra la fachada principal.
Sobre uno de los cuerpos laterales de la fachada, se sitúa la torre, de dos cuerpos: el inferior, moldurado con pilastras en los ángulos que alojan campanas; y, el superior, poligonal decorado con pilastras y pequeños óculos.","barroco","C/ Iglesia , 11 50191. Barrio de Alfocea","","","","1683","","","<a class=""pdf"" href=""http://www.zaragoza.es/pgou/edih/alfoceaiglesia09.pdf"">Interés Arquitectónico (A)<span class=""oculto"">(Documento pdf)</span></a>","","","","","",2014-09-09T22:00:00Z,"670526.85 4621359.2"
"http://www.zaragoza.es/api/recurso/turismo/monumento/79","Ayuntamiento o Casa Consistorial de Zaragoza","Inaugurado en 1965, interior y exteriormente responde a la tipología de los palacios renacentistas que se articulan en torno a un gran patio interior abierto. Muy destacables el alero aragonés y las esculturas de Pablo Serrano representando a San Valero y al Angel de la Ciudad a ambos lados de la puerta principal.
Al interior, tres techumbres de comienzos del siglo XVI: en el Salón de Sesiones, en el Salón de Comisiones y en el Despacho del Sr. Alcalde. Proceden de la casa-palacio de la Baronía de Osera de Zaragoza (demolido en 1963) y presentan estructura en alfarje con decoración labrada y policromada.
<a href=""/contenidos/turismo/audio/Ayuntamiento.mp3""><img title=""Escuchar Descripción"" alt=""Audio descriptivo del monumento"" src=""/cont/paginas/img/leelo.gif""/></a>","contemporaneo, mudejar","Pza. del Pilar, 18","<li>Horario administrativo de 8.00 a 15.00h.</li>
<li>Visitas guiadas Conoce Tu Ayuntamiento: jueves(excepto festivos)a las 18h y a las 19h. Información y reservas en oficinas municipales de turismo. Tel.902 14 2008 y 976 201 200.</li>
<li>Visitas guiadas para grupos reservar en Tel. 976 72 12 34</li>
<li>Visitas acompañadas por voluntarios (no guiada) miércoles de 18h a 20h.</li>","976 72 11 00 - Información Municipal: 010  y 976 72 12 34","","1965","","Techumbres mudéjares","<ul><li><a class=""pdf"" href=""http://www.zaragoza.es/pgou/edih/pilarplaza018.pdf"">Interés Arquitectónico (A y DCPA). Casa Consistorial<span class=""oculto"">Documento pdf</span></a></li><li><a class=""pdf"" href=""http://www.zaragoza.es/pgou/edih/pilarplaza018techumbres.pdf"">Interés Monumental. Techumbres mudéjares<span class=""oculto"">Documento pdf</span></a></li></ul>","","<p>Accesibilidad física</p><div><img alt="""" src=""/cont/paginas/sinbarreras/img/icono_silla1.jpg""/> Accesible</div><ul><li><strong>Aparcamiento</strong>: SI, en Plaza del Pilar.</li><li><strong>Acceso</strong>: entrada adaptada con rampa y pasamanos en un lado. Las puertas no son automáticas pero se encuentran abiertas al público. Para el acceso al hall hay que superar una rampa con barandilla a ambos lados. El pavimento es antideslizante. Mostrador de información no adaptado.</li><li><strong>Movilidad en el interior del edificio</strong>:<ul><li>Servicios de Atención al Público:  hay mesas adaptadas en las que se facilita atención personalizada. Las ventanillas de atención al público no están adaptadas. El Registro tiene un mostrador no adaptado.</li><li>Ascensor adaptado: SI. </li><li> Aseos adaptados: SI, en planta calle, junto a los ascensores.</li><li>Otros: acceso a internet adaptado y espacios con mesas adaptadas para uso público.</li></ul></li><li><strong>Salida del edificio:  </strong>  adaptada con rampa y pasamanos a ambos lados. El pavimento es antideslizante. Hay que atravesar dos puertas. La primera no es accesible (muy pesada, no automática). La segunda está abierta y en el exterior existe una rampa y con pasamanos en un lado.</li></ul><p><em>Información facilitada por Disminuidos Físicos de Aragón</em></p>","http://www.zaragoza.es/azar/img/monumentos/ayuntap.jpg","","",2017-04-26T22:00:00Z,"676840.38 4613965.9"
"http://www.zaragoza.es/api/recurso/turismo/monumento/187","Mercado Central","<a>Patrimonio Cultural Aragonés. Bien Interés Cultural</a>

El Mercado Central se levanta en el mismo lugar que ocupaba el mercado de la ciudad desde el siglo XIII. El edificio, inaugurado en 1903, no se concibió como una construcción aislada, sino que formaba parte de una actuación urbanística destinada a transformar el entorno de la plaza; esta remodelación, diseñada por el arquitecto municipal Ricardo Magdalena, sólo llegaría a realizarse en parte. 

Félix Navarro proyecta una construcción de dos pisos (sótano y mercado) siendo el superior de planta basilical de tres naves, la central más ancha y alta que las laterales. Junto a materiales como el ladrillo y la piedra, se utilizan otros innovadores, como el hierro y el cristal, dando como resultado un edificio donde se funden tradición y modernidad.
<a href=""/contenidos/turismo/audio/MercadoCentral.mp3""><img title=""Escuchar Descripción"" alt=""Audio descriptivo del monumento"" src=""/cont/paginas/img/leelo.gif""/></a>","contemporaneo","Avda César Augusto","","","","1903","Mercado","","<a href=""http://www.zaragoza.es/pgou/edih/cesaraugustosnmercadocentralfin.pdf"" class=""pdf"">Interés Monumental (BIC)<span class=""oculto"">Documento pdf</span></a>","","<p><strong>Accesibilidad física</strong></p><div><img src=""/cont/paginas/sinbarreras/img/icono_noacces1.jpg"" alt=""""/>NO accesible</div><ul><li><strong>Acceso</strong>: dispone de rampa con una pendiente pronunciada.</li><li>En este momento se encuentra en periodo de remodelación</li></ul><p><em>Información facilitada por Disminuidos Físicos de Aragón</em></p>","http://www.zaragoza.es/azar/img/monumentos/mercadocentral.jpg","","",2014-09-09T22:00:00Z,"676423.95 4614022.92"
"http://www.zaragoza.es/api/recurso/turismo/monumento/4","Museo de las Termas Públicas de Caesaraugusta","En 1982-1983, durante los trabajos de regularización del trazado de la C/San Juan y San Pedro, se localizaron los restos de una gran piscina perteneciente a unas termas romanas de carácter público. El conjunto se amplió en 1990 con el descubrimiento de unas letrinas de una fase anterior. 
Las termas públicas se localizaban en el centro de Caesaraugusta, en el espacio existente entre el Foro y el Teatro. De las diversas salas con que contaban estas instalaciones: vestuarios, salas calientes, templadas y frías, gimnasio, etc sólo se conservan restos de unas letrinas con capacidad para más de 20 personas (utilizadas todavía a finales del siglo I a.C.) que fueron derribadas para construir, a mediados del siglo I d.C., sobre ellas una gran piscina porticada en la que se podía nadar al aire libre.","romano","C/ San Juan y San Pedro, 3-7","HORARIO SEMANA SANTA 2017:13,14 y 16 abril de 10 a 14.30h.  15 abril de 10a 14h y de 17 a 21h

Martes a sábado de 10 a 14h y 17 a 21h
Domingos 10 a 14.30h 
Lunes cerrado

Media hora antes del cierre se interrumpe la entrada.","976 721 423","","Siglo I a.C.","","Termas, letrinas y piscina porticada","Aforo: 30 personas

GRATUITO: primer domingo de cada mes y los días 29 enero San Valero, 23  de abril y 12 octubre Día del Pilar","<em>Entrada</em>: 3 euros
<em>Gratuito</em>: Mayores de 65 años, desempleados, periodistas acreditados, monitores acompañantes y responsables de grupos de escolares, miembros del ICOM, Asociación de Críticos de Arte, niños menores de 8 años.
<em>Consultar las tarifas reducidas para grupos y estudiantes</em>
<em>Bono 4 museos Ruta de Caesaraugusta</em>:Foro, Termas Públicas, Puerto Fluvial Teatro 7 euros. Bono 5 museos: Arqueológicos Romanos y Pablo Gargallo:9 euros. Consultar otras tarifas.
Entrada incluida en la Zaragoza Card","<p><strong>Accesibilidad física</strong></p>        <p><img src=""/cont/paginas/sinbarreras/img/icono_acomp1.jpg"" alt=""""/> Accesible con acompañante</p><ul><li><strong>Aparcamiento:</strong> en Plaza del Pilar y  Juzgados</li><li><strong>Acceso</strong>: entrada con rampa. El pavimento es de baldosa</li><li><strong>Movilidad en el interior del edificio:</strong><ul><li>Escaleras: SI dispone. Para acceder a la exposición. Dotado de elevador</li><li>Zonas de descanso: SI</li><li>Pavimentos: diferenciados por texturas y colores</li><li>Aseos adaptados: SI</li></ul></li></ul>
<p><strong>Accesibilidad sensorial</strong></p><ul><li> Existe un audiovisual subtitulado y en lengua de signos española </li><li> Maquetas con información sonora y en braille</li><li> Folletos y cartelería en braille</li></ul><p><em>Información facilitada por la Asociación de Disminuidos Físicos de Aragón</em></p><p>Visita incluída en el Paseo Guiado Romano.Proyección de audiovisual, maquetas. Audiovisual e información en inglés y francés.</p>","http://www.zaragoza.es/azar/img/monumentos/termasp.jpg","S","https://api.foursquare.com/v2/venues/4db2b2c381543d71da1f7c54",2017-03-01T23:00:00Z,"676867.93 4613684.1"
"http://www.zaragoza.es/api/recurso/turismo/monumento/83","Puente de Hierro  o Puente del Pilar","Denominado también ""Puente de Nuestra Señora del Pilar"", se terminó de construir en 1895, tras numerosas modificaciones del proyecto inicial, para aliviar el tráfico del Puente de Piedra. En 1991 concluye su remodelación en la que se repara, peatonaliza y se le añaden dos tableros laterales en forma de arco para el paso de vehículos, solución propuesta por Javier Manterola.","contemporaneo","Pso. Echegaray y Caballero/ Avda Puente del Pilar","","","","Siglos XIX (1895)  y  XX (5 de mayo de 1991)","","","<a class=""pdf"" href=""http://www.zaragoza.es/pgou/edih/puentepilar-puentehierro.pdf"">Interés Arquitectónico (A)<span class=""oculto"">Documento pdf</span></a>","","<p><strong>Accesibilidad Física</strong></p><div><img src=""/cont/paginas/sinbarreras/img/icono_silla1.jpg"" alt=""""/>Accesible</div><ul><li>Recorrido peatonal</li></ul>","http://www.zaragoza.es/azar/img/monumentos/puentehierrop.jpg","","",2015-10-06T22:00:00Z,"677350.76 4613822.82"
"http://www.zaragoza.es/api/recurso/turismo/monumento/89","Monumento al Rey Alfonso I El Batallador","La idea de erigir un monumento a este rey surgió con motivo del octavo centenario de la reconquista de Zaragoza (1118).

Este memorial se eleva en el Cabezo de Buenavista del Parque Primo de Rivera. 
Sobre el basamento se dispone un león de bronce, símbolo de la ciudad; el cuerpo superior, tratado a modo de torreón medieval, sirve de pedestal a la grandiosa estatua del rey Alfonso I el Batallador (6,5 m.) modelada por José Bueno y labrada en mármol de Carrara.

El escultor toma como modelo el retrato del rey pintado por Francisco Pradilla que hoy se guarda en el Ayuntamiento.
<a href=""/contenidos/turismo/audio/MonumentoalBatallador.mp3""><img title=""Escuchar Descripción"" alt=""Audio descriptivo del monumento"" src=""/cont/paginas/img/leelo.gif""/></a>","contemporaneo","Parque Grande J.A. Labordeta","","","","siglo XX","","","<a href=""http://www.zaragoza.es/pgou/edih/parqueprimoriveraalfonso.pdf"">Interés Monumental. Monumento a Alfonso I el Batallador (pdf)</a>","","<p><strong>Accesibilidad Física</strong></p><div><img src=""/cont/paginas/sinbarreras/img/icono_silla1.jpg"" alt=""""/>Accesible</div><ul><li>Recorrido peatonal</li></ul>","http://www.zaragoza.es/azar/img/monumentos/parquealfonsop.jpg","","",2014-09-01T22:00:00Z,"675579.51 4611446.48"
"http://www.zaragoza.es/api/recurso/turismo/monumento/90","Monumento al Justiciazgo","El monumento es fruto de la colaboración entre el arquitecto Félix Navarro Pérez y el escultor Francisco Vidal. 
De 16 metros de altura y 11 metros de anchura, se divide en seis partes: pedestal, columna, silla, estatua, escudo y esfera.
Durante el siglo XIX se produjo un resurgimiento de la figura del Justicia en todos los ámbitos, por ejemplo en pintura (Unceta, Barbasán) o en literatura (Duque de Rivas o Marqués de Pidal).
Sin embargo, el Monumento al Justicia de Aragón poseyó y posee una identidad colectiva regional más que un simbolismo de liberalidad.
En el pedestal se pueden leer dos inscripciones extraídas, una de los Fueros de Sobrarbe; la otra, de ""La capilla de Lanuza"" de Marcos Zapata, dramaturgo aragonés fallecido en 1914.
La estatua que aparece sobre el pedestal representa al Justicia Juan de Lanuza V, ejecutado el 20 de diciembre de 1591 por orden de Felipe II, al acoger bajo su Fuero al ex secretario aragonés del monarca Antonio Pérez, acusado de asesinar a Escobedo, secretario de don Juan de Austria.

El memorial fue costeado por la Diputación Provincial, el Ayuntamiento de la ciudad y por suscripción de particulares. El 20 de diciembre de cada año las instituciones políticas aragonesas ofrendan coronas conmemorativas, en recuerdo de la ejecución del último Justicia en 1591.
<a href=""/contenidos/turismo/audio/Justicia.mp3""><img title=""Escuchar Descripción"" alt=""Audio descriptivo del monumento"" src=""/cont/paginas/img/leelo.gif""/></a>","contemporaneo","Plaza de Aragón","","","","22 de octubre de 1904","","","","","<p><strong>Accesibilidad Física</strong></p><div><img src=""/cont/paginas/sinbarreras/img/icono_silla1.jpg"" alt=""""/>Accesible</div><ul><li>Recorrido peatonal</li></ul>","http://www.zaragoza.es/azar/img/monumentos/justiciap.jpg","","",2014-09-04T22:00:00Z,"676251.3 4613105.82"
"http://www.zaragoza.es/api/recurso/turismo/monumento/91","Monumento a Goya","Obra del arquitecto José Beltrán Navarro y del escultor Federico Marés, este monumento está concebido como una estatua pintoresca con dos parejas con atuendos dieciochescos, inspiradas en asuntos goyescos. Desde un alto y escalonado pedestal, preside el conjunto la figura de Goya en pie con las piernas cruzadas y una paleta y un pincel en las manos.
En 1990, según proyecto del arquitecto Ricardo Usón, se dispusieron los surtidores y las láminas de agua.","actual","Plaza del Pilar","","","","8 de octubre de 1960","","","","","<p><strong>Accesibilidad Física</strong></p><div><img src=""/cont/paginas/sinbarreras/img/icono_silla1.jpg"" alt=""""/>Accesible</div><ul><li>Recorrido peatonal</li></ul>","http://www.zaragoza.es/azar/img/monumentos/goyap.jpg","","",2014-09-04T22:00:00Z,"676893.72 4613918.71"
"http://www.zaragoza.es/api/recurso/turismo/monumento/165","Barrio de San Gregorio. Hospital de Enfermos del tórax","Proyectado en 1945, su construcción se dilató durante varios años, abriéndose con pocos recursos técnicos y humanos en 1954.
El edificio tiene una planta simétrica, originalmente en forma de ""T"", mantenida sustancialmente en las ampliaciones recientes.
Está construido con fachadas de ladrillo visto, utilizando juegos compositivos en los distintos cuerpos de edificio y volumetrías diferenciadas, escalonadas y jerarquizadas. Se han utilizado distintos repertorios de vanos, elemento compositivo de cada cuerpo del edificio, siempre teniendo en cuenta su funcionalidad.","racionalista","Cº de San Gregorio. Barrio de San Gregorio","","","","1945-1954","Hospital","","<a class=""pdf"" href=""http://www.zaragoza.es/pgou/edih/sangregoriohospital.pdf"">Interés Arquitectónico (B)<span class=""oculto"">Documento pdf</span></a>","","","","","",2014-09-29T22:00:00Z,"678031.92 4618060.31"
"http://www.zaragoza.es/api/recurso/turismo/monumento/188","Fuente de la Samaritana","Esta fuente, situada originalmente en la Plaza de la Seo, se diseñó como punto de abastecimiento de agua y como elemento ornamental que subrayaba la importancia de este histórico espacio urbano; el traslado a su emplazamiento actual data de los años 60. Fue fundida en los talleres Averly siguiendo modelos procedentes de Francia. La figura de la samaritana supone la cristianización de un tema pagano de gran tradición en las fuentes del neoclasicismo y romanticismo francés: la ninfa que vierte agua de un ánfora.","contemporaneo","Plaza del Justicia","","","","1866","","","","","<p><strong>Accesibilidad Física</strong></p><div><img src=""/cont/paginas/sinbarreras/img/icono_silla1.jpg"" alt=""""/>Accesible</div><ul><li>Recorrido peatonal</li></ul>","http://www.zaragoza.es/azar/img/monumentos/samaritana.jpg","","",2014-09-07T22:00:00Z,"676498.52 4613968.1"
"http://www.zaragoza.es/api/recurso/turismo/monumento/97","Galacho de Juslibol","Datación: 1961. El Galacho de Juslibol es un espacio de gran valor paisajístico, ecológico y cultural y está situado en la margen izquierda del Ebro a unos 5 Km de Zaragoza entre los barrios rurales de Alfocea, Juslibol, y Monzalbarba. Este galacho (o meandro abandonado), que quedó aislado tras la gran inundación del Ebro en 1961, es el más moderno de los formados por este río. En este espacio, que cuenta con la calificación de Área de especial Protección Urbanística y con más de 100 ha. de superficie, crece una densa vegetación de soto de ribera con especies arbóreas como sauces, álamos, chopos, fresnos y olmos junto a arbustos, lianas, aneas y carrizos y sirve de hábitat a singulares especies animales. El paseo guiado al Galacho incluye la visita a una exposición en el centro de interpretación allí ubicado y un recorrido por el entorno del galacho: el carrizal, el soto de ribera y las lagunas.","entorno","Barrio de Juslibol","","","","","","","","","","http://www.zaragoza.es/azar/img/monumentos/galacho.jpg","","https://api.foursquare.com/v2/venues/501e428fe4b08250809d083b",2014-09-01T22:00:00Z,"672319.04 4619475.88"
"http://www.zaragoza.es/api/recurso/turismo/monumento/186","Monumento a Don Ramón Pignatelli","Desde 1904 se halla en lo que será el actual parque de Pignatelli, muy próximo al Canal. Pero hasta entonces había presidido la glorieta homónima, actual plaza de Aragón, donde fue erigido a inaugurado con toda solemnidad el 24 de junio de 1859, coincidiendo con el día y mes de aquel año de 1786 en que por primera vez llegaban a Zaragoza las aguas navegables del Canal Imperial.

El proyecto del monumento había sido promovido en 1857 por la Diputación de Zaragoza, quien se le encomendó al escultor Antonio Palao, director de la Escuela de Bellas Artes. Modeló una estatua de Pignatelli de tamaño mayor que el natural, para cuya efigie debió inspirarse en una de las copias del retrato de Goya, existente en la Casa del Canal, aunque modificó sustancialmente la silueta, más obesa, y el rostro, inexpresivo y académico.","contemporaneo","Parque Pignatelli","","","","1858-1859","","","","","<p><strong>Accesibilidad Física</strong></p><div><img src=""/cont/paginas/sinbarreras/img/icono_silla1.jpg"" alt=""""/>Accesible</div><ul><li>Recorrido peatonal</li></ul>","http://www.zaragoza.es/azar/img/monumentos/ramonpignatelli.jpg","","",2014-09-04T22:00:00Z,"674378.55 4610921.71"
"http://www.zaragoza.es/api/recurso/turismo/monumento/189","Fuente de la Hispanidad","Obra del siglo XX construida en honor a los países hispanoamericanos, ya que la Virgen del Pilar es la Patrona de la Hispanidad.
La fuente representa un mapa de Latinoamérica: en la parte superior izquierda se observa una estría o canal, es la Península del Yucatán y América Central. La cascada representa el norte de Sudamérica y el estanque es el resto del continente hasta Tierra de Fuego.","actual","Plaza del Pilar","","","","1991","","","","","<p><strong>Accesibilidad Física</strong></p><div><img src=""/cont/paginas/sinbarreras/img/icono_silla1.jpg"" alt=""""/>Accesible</div><ul><li>Recorrido peatonal</li></ul>","http://www.zaragoza.es/azar/img/monumentos/hispanidad.jpg","","",2014-09-07T22:00:00Z,"676566.08 4614083.11"
"http://www.zaragoza.es/api/recurso/turismo/monumento/38","Real Seminario de San Carlos Borromeo.","<a>Patrimonio Cultural Aragonés. Bien Interés Cultural</a>

Tras el establecimiento de la Orden jesuita en Zaragoza en los años 40 del siglo XVI, se inicia la construcción del que fuera Colegio de la Inmaculada, hoy conocido como Real Seminario de San Carlos Borromeo. 
Posteriormente, hacia los años 60 del siglo XVI, sobre el solar que, supuestamente, antes había ocupado la sinagoga mayor de la judería zaragozana, se levanta la iglesia de la Inmaculada, perteneciente a la Compañía de Jesús.  

La iglesia, aunque tardorrenacentista en su estructura, posee una portada barroca y una decoración interior también barroca, creada en el siglo XVIII, convirtiéndose, así, en el conjunto más suntuoso del barroco zaragozano y en modelo para numerosas obras posteriores. La capilla más destacada es la de San José, perteneciente a los duques de Villahermosa. El retablo mayor sería sustituto de uno anterior en lenguaje renacentista, y se situaría en la época en que se produjeron las modificaciones interiores del templo en estilo barroco-rococó bajo la dirección del hermano lego jesuita Pablo Diego Ibáñez.
Tras la expulsión de los jesuitas (1767) pasa a denominarse Real Seminario de San Carlos Borromeo, en honor del rey Carlos III.
<a href=""/contenidos/turismo/audio/SeminarioSanCarlosBorromeo.mp3""><img title=""Escuchar Descripción"" alt=""Audio descriptivo del monumento"" src=""/cont/paginas/img/leelo.gif""/></a>","barroco","Plaza de San Carlos, 5","En horario de culto","","","Siglos XVI, XVII, XVIII","","Clautro e Iglesia (conjunto ornamental interior, capilla de San José, retablo mayor)","<a href=""http://www.zaragoza.es/pgou/edih/sancarlosplazuela005.pdf"" class=""pdf"">Interés Monumental (BIC)<span class=""oculto"">Documento pdf</span></a>","","<p><strong>Accesibilidad física:</strong></p><div><img src=""/cont/paginas/sinbarreras/img/icono_noacces1.jpg"" alt=""""/> NO accesible</div><ul><li><strong>Acceso</strong>: entrada con escalón. No dispone de rampa</li></ul><p><em>Información facilitada por Disminuidos Físicos de Aragón</em></p>","http://www.zaragoza.es/azar/img/monumentos/sancarlop.jpg","","https://api.foursquare.com/v2/venues/4dfe388345dd1beaf34312ac",2014-09-09T22:00:00Z,"676992.23 4613463.62"
"http://www.zaragoza.es/api/recurso/turismo/monumento/48","Palacio Arzobispal","Las obras del edificio se realizaron entre 1779 y 1787. La fachada, de dos pisos y realizada en ladrillo, presenta grandes ventanales en la planta baja con verjas de hierro; mientras que las ventanas del piso superior están rematadas por frontones triangulares. El basamento y el enmarque de ventanas, puertas y alero están realizados en piedra. Los vanos de cada portada están flanqueados por dos columnas y pilastras de orden jónico y rematados por un gran balcón.
<a href=""/contenidos/turismo/audio/PalacioArzobispal.mp3""><img title=""Escuchar Descripción"" alt=""Audio descriptivo del monumento"" src=""/cont/paginas/img/leelo.gif""/></a>","mudejar, renacentista, barroco, neoclasico","Pza de la Seo, 5","","","","1787","","","<a class=""pdf"" href=""http://www.zaragoza.es/pgou/edih/seoplaza005palacio.pdf"">Interés Monumental (BIC)<span class=""oculto"">Documento pdf</span></a>","","<p><strong>Accesibilidad física:</strong></p><div><img alt="""" src=""/cont/paginas/sinbarreras/img/icono_noacces1.jpg""/> NO Accesible</div><ul><li><strong>Acceso</strong>: entrada no adaptada</li><li>Visita de exteriores accesible</li></ul><p><em>Información facilitada por la Asociación de Disminuidos Físicos de Aragón</em></p>","http://www.zaragoza.es/azar/img/monumentos/arzobispalp.jpg","","",2014-09-10T22:00:00Z,"676984.82 4613895.88"
"http://www.zaragoza.es/api/recurso/turismo/monumento/47","Palacio de los Condes de Sobradiel o de Gabarda","Construcción neoclásica, erigida en el último cuarto del siglo XVIII y reformada a mediados del siglo XIX. La fachada se estructura en tres pisos con ventanales cuadrados en el primero y balcones en la planta noble y en la superior. Un gran patio empedrado utilizado por los carruajes de la época sirve de acceso al interior.
Situado en la planta baja, se encuentra el alfarje mudéjar con decoración de motivos heráldicos, vegetales, geométricos y epigráficos, procedente de la desaparecida Casa de Lanuza.
Actualmente, es sede del Colegio de Notarios de Zaragoza.","neoclasico","Pza del Justicia, 2","","","","Ultimo cuarto del siglo XVIII y reformado a mediados del XIX","Colegio Notarial","Alfarje mudéjar con motivos góticos y renacentistas","<a href=""http://www.zaragoza.es/pgou/edih/justiciaplaza2.pdf"" class=""pdf"">Interés Monumental (BIC)<span class=""oculto"">Documento pdf</span></a>","","<p><strong>Accesibilidad física</strong></p><div><img src=""/cont/paginas/sinbarreras/img/icono_noacces1.jpg"" alt=""""/>NO accesible</div><ul><li><strong>Acceso</strong> entrada obstaculizada por el umbral de la puerta. No dispone de rampa</li><li>La visita de exteriores accesible</li></ul><p><em>Información facilitada por Disminuidos Físicos de aragón</em></p>","http://www.zaragoza.es/azar/img/monumentos/sobradielp.jpg","","",2014-09-22T22:00:00Z,"676465.17 4613970.12"
"http://www.zaragoza.es/api/recurso/turismo/monumento/59","Casa Juncosa","José de Yarza Echenique proyecta una obra de elevado coste económico, difícilmente repetible como modelo para la burguesía zaragozana. El modernismo se manifiesta aquí en la exuberante decoración floral, ejecutada en piedra labrada y en hierro forjado.
Este esplendor ornamental se superpone a la composición clásica de su fachada, que se cierra con remate escalonado.

El interior mantiene todavía el repertorio decorativo original, sobre todo en la planta principal: vidrieras, estucos, puertas de madera tallada, suelos de taracea y chimeneas de mármol. Fue declarada Monumento Nacional en 1983.","modernista","Paseo de Sagasta  11","","","","Siglo XX","Viviendas","Fachada e interior","<a href=""http://www.zaragoza.es/pgou/edih/sagasta011.pdf"" class=""pdf"">Interés Monumental (BIC)<span class=""oculto"">Documento pdf</span></a>","","<p><strong>Accesibilidad</strong></p><div><img src=""/cont/paginas/sinbarreras/img/icono_silla1.jpg"" alt=""""/>Accesible la visita de exteriores</div>","http://www.zaragoza.es/azar/img/monumentos/juncosap.jpg","","",2014-09-09T22:00:00Z,"676181.93 4612562.02"
"http://www.zaragoza.es/api/recurso/turismo/monumento/60","Casa Retuerta","Este edificio de viviendas se levanta en uno de los sectores mejor planificados dentro del ensanche de la ciudad. La situación de la casa en el ángulo de dos calles va a permitir al arquitecto Juan Francisco Gómez Pulido concentrar su atención en el chaflán, resuelto de forma rotunda. 
En su fachada, el modernismo pierde carácter ornamental para adquirir una mayor solidez y sobriedad. Desaparecen casi por completo los habituales motivos vegetales y florales, que se concentran en la crestería que remata el edificio; el resto de la decoración toma como base un diseño lineal de gran atractivo.

Fue declarado Monumento Nacional en 1983.
<a href=""/contenidos/turismo/audio/CasasJuncosayRetuerta.mp3""><img title=""Escuchar Descripción"" alt=""Audio descriptivo del monumento"" src=""/cont/paginas/img/leelo.gif""/></a>","modernista","Paseo de Sagasta, 13","","","","1904","Viviendas","Fachada","<a href=""http://www.zaragoza.es/pgou/edih/sagasta013.pdf"" class=""pdf"">Interés Monumental (BIC)<span class=""oculto"">Documento pdf</span></a>","","<p><strong>Accesibilidad</strong></p><div><img src=""/cont/paginas/sinbarreras/img/icono_silla1.jpg"" alt=""""/> Accesible la visita de exteriores.</div>","http://www.zaragoza.es/azar/img/monumentos/retuertap.jpg","","",2014-09-09T22:00:00Z,"676180.68 4612545.51"
"http://www.zaragoza.es/api/recurso/turismo/monumento/61","Quiosco de la Música","Fue diseñado por los hermanos Martínez Ubago con motivo de la Exposición Hispano-Francesa de 1908.    
Antes de su actual emplazamiento estuvo situado en la Plaza de los Sitios y en el Paseo de la Independencia, cuando su zona central era peatonal.    

Su estructura de baldaquino se alza sobre un zócalo de piedra; ocho columnas de fundición sostienen una cubierta de cristal en cuyo centro se levanta un cupulín con piezas de cerámica coloreadas.    

Es uno de los ejemplos más bellos y refinados del modernismo zaragozano. Hoy en día se celebran en este lugar conciertos bandas de música.","modernista","Parque Grande J.A. Labordeta","","","","1908","","","<a href=""http://www.zaragoza.es/pgou/edih/parqueprimoriverakiosko.pdf"" class=""pdf"">Interés Monumental (BIC)<span class=""oculto"">Documento pdf</span></a>","","<p><strong>Accesibilidad</strong></p><div><img src=""/cont/paginas/sinbarreras/img/icono_silla1.jpg"" alt=""""/> Accesible la visita de exteriores.</div>","http://www.zaragoza.es/azar/img/monumentos/parquequioscop.jpg","","",2014-09-09T22:00:00Z,"675463.07 4611699.94"
